context,question,answer,source_url,category,title,org,groundedness_score,groundedness_eval,relevance_score,relevance_eval,standalone_score,standalone_eval
。五、加大文旅品牌创建支持（九）对新创建天府旅游名县、天府旅游特色县、国家级全域旅游示范区、省级全域旅游示范区的县级政府，分别给予一次性奖励500万元、300万元、200万元、100万元。（十）对新创建国家5A级旅游景区（或国家级旅游度假区、国家级生态旅游示范区）的县级政府、园区管委会，给予一次性奖励500万元；对新创建国家级文化产业示范园区（或国家级旅游产业示范园区）、国家4A级旅游景区（省级旅游度假区、省级生态旅游示范区）的县级政府、园区管委会，分别给予一次性奖励300万元、200万元,"对新创建国家5A级旅游景区的县级政府、园区管委会给予的一次性奖励是多少？
",对新创建国家5A级旅游景区（或国家级旅游度假区、国家级生态旅游示范区）的县级政府、园区管委会，给予一次性奖励500万元。,https://www.guang-an.gov.cn/gasrmzfw/c104243/pc/content/content_1733364780520251392.html,商贸、海关、旅游,广安市人民政府印发《关于支持文化旅游产业高质量发展的若干政策（试行）》的通知,广安市人民政府办公室,5,根据上下文内容，明确提到了对新创建国家5A级旅游景区的县级政府、园区管委会给予的一次性奖励是500万元。因此，该问题可以根据上下文清楚、明确地回答。,,,,
。三、加大项目建设政策支持（六）对纳入县级及以上的文化创意、旅游基础及配套设施类新建项目（除文化旅游地产外），固定资产投资总额达到3000万元及以上的，全部竣工验收投用后，由属地政府按照实际固定资产投资总额（不含土地出让金）的一定比例给予补贴。（七）对文化和旅游领域新建的核心项目，固定资产投资总额达到5000万元及以上的，对其实际固定资产投资国内贷款部分，由属地政府按贷款市场报价利率（LPR）计算利息金额的一定比例给予贴息补助。四、加大市场主体培育支持（八）对新认定为四川省文化旅游产业优秀龙头企业的，由属地政府一次性给予200万元奖励,"县级及以上新建文化创意、旅游基础设施项目的固定资产投资总额补贴条件是什么？
",固定资产投资总额达到3000万元及以上的项目可以获得补贴。,https://www.guang-an.gov.cn/gasrmzfw/c104243/pc/content/content_1733364780520251392.html,商贸、海关、旅游,广安市人民政府印发《关于支持文化旅游产业高质量发展的若干政策（试行）》的通知,广安市人民政府办公室,4,上述信息直接从上下文中摘录，详细说明了县级及以上新建文化创意、旅游基础设施项目的固定资产投资总额补贴的条件。条件包括项目的类别、固定资产投资总额的最低要求以及补贴的具体形式。这些信息足够明确，可以使符合条件的项目申请者了解如何符合补贴条件以及如何申请补贴。,3.0,这个问题对于普通公民来说有一定难度，因为它涉及到具体的政策条文和补贴条件。对于那些希望了解或参与县级及以上新建文化创意、旅游基础设施项目的个人或企业来说，这个问题比较有用。然而，由于这个问题比较具体，对于大多数普通公民来说，他们可能不会经常遇到这种情况，因此实用性有限。,2.0,这个问题询问的是关于特定级别的项目（县级及以上）的补贴条件，这些条件可能因地区和具体政策而异。没有上下文信息，这个问题难以给出具体答案。
。（十一）对新创建国家级、省级、市级乡村旅游重点镇（含天府旅游名镇）的县级政府、园区管委会，分别给予一次性奖励200万元、100万元、50万元；对新创建国家级、省级、市级乡村旅游重点村（含天府旅游名村）或旅游休闲街区（含文旅特色街区）的县级政府、园区管委会，分别给予一次性奖励100万元、50万元、20万元,"对新创建的国家级乡村旅游重点镇，县级政府和园区管委会能获得多少奖励？
",对新创建的国家级乡村旅游重点镇，县级政府和园区管委会能获得一次性奖励200万元。,https://www.guang-an.gov.cn/gasrmzfw/c104243/pc/content/content_1733364780520251392.html,商贸、海关、旅游,广安市人民政府印发《关于支持文化旅游产业高质量发展的若干政策（试行）》的通知,广安市人民政府办公室,5,上下文明确指出，“对新创建国家级乡村旅游重点镇（含天府旅游名镇）的县级政府、园区管委会，分别给予一次性奖励200万元”。因此，根据上下文信息，我们可以清楚、明确地回答问题。,3.0,这个问题对于普通公民理解政策文件有一定用处，因为它涉及到对特定政策目标（国家级乡村旅游重点镇）的激励机制。了解县级政府和园区管委会能获得多少奖励，可以帮助公民了解政府鼓励和支持乡村旅游发展的具体措施。然而，该问题的实用程度有限，因为它只关注奖励的金额，而没有提供关于奖励如何分配、申请条件、奖励的具体用途等更详细的信息，这些信息对于全面理解政策文件可能更为重要。,2.0,该问题涉及到具体的政策内容和奖励机制，这可能因国家和地区的不同而有所差异。没有提供具体的政策文件或背景信息，我无法给出一个确切的答案。
。一、加大国土空间规划支持（一）将文化旅游产业用地纳入全市各级国土空间规划。二、加大项目用地政策支持（二）按照“要素跟着项目走、分级分类保障”的原则，争取将更多基础性、带动性强的文化旅游项目纳入中、省重大项目清单，由中省计划指标全额保障用地计划需求；对未纳入中、省重大项目清单的项目，由市级统筹各地年度新增建设用地计划结余指标，根据轻重缓急原则，优先保障市级及以上重点文化旅游类新建项目，不足部分采取城乡建设用地增减挂钩结余周转指标等方式解决，鼓励盘活利用废弃宅基地、工矿用地等闲置土地,"文化旅游产业用地应该被纳入到哪里？
",文化旅游产业用地应该被纳入全市各级国土空间规划。,https://www.guang-an.gov.cn/gasrmzfw/c104243/pc/content/content_1733364780520251392.html,商贸、海关、旅游,广安市人民政府印发《关于支持文化旅游产业高质量发展的若干政策（试行）》的通知,广安市人民政府办公室,5,根据上下文内容，明确的指示是将文化旅游产业用地纳入全市各级国土空间规划，并提供了不同层级的政策支持方式，以确保项目用地需求得到满足。这表明问题可以在给定上下文中清楚、明确地回答。,2.0,这个问题涉及到具体政策执行的细节层面，对于普通公民而言，可能并不是他们日常关注的焦点。大多数公民可能更关心的是文化旅游产业的发展、就业机会、以及如何从文化活动中获得乐趣。此外，这个问题假设了接收者对现行政策和土地利用规划有一定的了解。因此，对于普通公民理解政策文件的整体用处有限。,3.0,这个问题关于“文化旅游产业用地”的归属是具体的，但并没有提供足够的上下文信息来判断这个问题是针对某个特定的国家、城市还是更大的区域。因此，这个问题在缺乏具体区域背景的情况下，其独立性是中等的。
广安市人民政府印发《关于支持文化旅游产业高质量发展的若干政策（试行）》的通知,"广安市人民政府发布了什么政策？
",广安市人民政府印发了《关于支持文化旅游产业高质量发展的若干政策（试行）》的通知。,https://www.guang-an.gov.cn/gasrmzfw/c104243/pc/content/content_1733364780520251392.html,商贸、海关、旅游,广安市人民政府印发《关于支持文化旅游产业高质量发展的若干政策（试行）》的通知,广安市人民政府办公室,5,根据提供的上下文内容，问题直接询问了广安市人民政府发布的政策。上下文中明确提到了政策文件的名称和性质（《关于支持文化旅游产业高质量发展的若干政策（试行）》的通知），因此可以清楚、明确地回答问题。,3.0,这个问题对于普通公民理解政策文件有用，因为它提供了关于当地政府行动和决策的信息。然而，广安市人民政府发布的大量政策可能覆盖了多个领域，包括经济发展、社会事务、城市规划等，对于普通公民而言，了解所有这些政策并非易事。因此，这个问题虽然有用，但市民可能需要一个更具体的关键词或政策领域来快速找到他们感兴趣的政策。,3.0,这个问题直接询问广安市人民政府发布的政策，没有上下文信息，对于不熟悉广安市或其政府活动的人来说，这个问题可能难以回答。然而，由于广安市是一个具体的地方政府实体，该问题可以被认为是一个具有明确主体的问题，因此它可以被独立理解，只要查询者具有互联网访问能力和搜索技巧。
。（三）对纳入县级及以上的重点文化旅游类新建项目，属经营性土地的，参照征地成本、基准地价70%以上和中省支持文化旅游优惠政策综合确定招拍挂起始价。（四）鼓励利用闲置设施、盘活存量建设用地发展文化产业；鼓励将城市转型中退出的工业用地根据相关规划优先用于发展文化产业；企业利用历史建筑、旧厂房、仓库等存量房产、土地，或生产装备、设施发展文化产业，可实行继续按原用途和土地权利类型使用土地的过渡期政策。（五）经行业主管部门认定，社会投资新建非营利性博物馆、图书馆等公共文化设施且符合《划拨用地目录》的，对其项目建设用地可采取划拨方式供应，由行业主管部门负责监督保证其非营利性质,"何种类型的土地对于县级及以上的重点文化旅游新建项目是适用的？
",对于县级及以上的重点文化旅游新建项目，适用的是属经营性土地。,https://www.guang-an.gov.cn/gasrmzfw/c104243/pc/content/content_1733364780520251392.html,商贸、海关、旅游,广安市人民政府印发《关于支持文化旅游产业高质量发展的若干政策（试行）》的通知,广安市人民政府办公室,5,上下文提供了关于县级及以上重点文化旅游新建项目适用的土地类型的详细信息，包括如何确定招拍挂起始价、如何鼓励利用闲置和存量土地，以及对非营利性公共文化设施土地供应的特殊政策。因此，可以清楚明确地回答问题。,4.0,这个问题对于普通公民理解政策文件非常有用，因为它涉及到县级及以上的重点文化旅游新建项目，这类项目通常会对当地经济和社区有重大影响。了解何种类型的土地适用于这些项目，可以帮助公民了解政府如何规划和管理土地资源，以及这些决策如何影响到他们的生活和社区的发展。此外，对于那些可能参与公共咨询、社区规划或对土地使用有兴趣的公民来说，这更是关键信息。,2.0,这个问题询问的是关于特定类型的土地适用的条件，这些条件可能受到国家或地区政策、土地利用规划、项目性质和地理环境等因素的影响。由于问题直接针对“县级及以上的重点文化旅游新建项目”，并没有提供足够的背景信息来判断其独立性，因此这个问题依赖于具体政策和文化旅游项目的相关规定才能得到确切的答案。
各县（市、区）人民政府，广安经开区、枣山园区、协兴园区、华蓥山景区、川渝高竹新区管委会，市直各部门：《关于支持文化旅游产业高质量发展的若干政策（试行）》已经六届市政府第8次常务会议审议通过，现印发给你们，请认真贯彻落实。广安市人民政府2022年4月25日关于支持文化旅游产业高质量发展的若干政策（试行）为认真贯彻党中央、国务院和省委、省政府关于促进文化建设和旅游发展的重大决策部署，全面落实市第六次党代会精神，坚定实施“四大战略”，坚持亮山亮水亮文化，激励各类投资主体做大做强文化旅游产业，加快建设文化强市旅游强市，制定如下政策,"《关于支持文化旅游产业高质量发展的若干政策（试行）》是由哪个机构通过的？
",《关于支持文化旅游产业高质量发展的若干政策（试行）》是由广安市人民政府通过的。,https://www.guang-an.gov.cn/gasrmzfw/c104243/pc/content/content_1733364780520251392.html,商贸、海关、旅游,广安市人民政府印发《关于支持文化旅游产业高质量发展的若干政策（试行）》的通知,广安市人民政府办公室,5,根据上下文内容，明确提到了《关于支持文化旅游产业高质量发展的若干政策（试行）》是在六届市政府第8次常务会议审议通过的。因此，可以清楚、明确地回答问题。,3.0,这个问题对于普通公民来说有用，因为了解政策是由哪个机构通过的有助于增加透明度和问责制。然而，对于理解政策文件的具体内容和如何影响文化旅游产业的高质量发展，这个问题的用处相对较小。普通公民可能更关心的是政策的内容和实际影响，而不是它是由哪个机构通过的。,2.0,这个问题询问了一个具体的政策是由哪个机构通过的，它需要特定上下文信息来回答。没有上下文中提到的政策文件和相关的背景信息，这个问题是无法直接回答的。
。涉及奖励、补助、补贴等资金均为税前人民币。涉及市级奖补的，由市级相关部门负责制定配套实施细则。各县（市、区）和园区要结合该支持政策，细化制定本地扶持措施，以更大力度激发各类投资主体做大做强文化旅游产业的积极性和创造性。相关附件：广安府规〔2022〕3号印发《关于支持文化旅游产业高质量发展的若干政策（试行）》的通知（主动公开）.pdf(/gasrmzfw/c104243/1733364780520251392/BGijABn6.pdf)二维码开始扫一扫在手机打开当前页用来校验该浏览器是否支持HTML5,"涉及奖励、补助、补贴等资金的税前货币是什么？
",税前人民币,https://www.guang-an.gov.cn/gasrmzfw/c104243/pc/content/content_1733364780520251392.html,商贸、海关、旅游,广安市人民政府印发《关于支持文化旅游产业高质量发展的若干政策（试行）》的通知,广安市人民政府办公室,5,根据上下文内容，涉及奖励、补助、补贴等资金均为税前人民币，所以可以明确回答问题。,5.0,这个问题对于普通公民理解政策文件非常有用，因为它涉及到资金的税收处理，这是个人和企业都可能关心的问题。了解税前货币的概念有助于公民更好地把握他们可能获得的各种奖励、补助和补贴的财务影响。此外，这也有助于提高透明度，让公民能够更准确地评估政策对他们个人财务状况的影响。,,
